farmer_perf_1@smarttani.id,password123
farmer_perf_2@smarttani.id,password123
farmer_perf_3@smarttani.id,password123
farmer_perf_4@smarttani.id,password123
farmer_perf_5@smarttani.id,password123
farmer_perf_6@smarttani.id,password123
farmer_perf_7@smarttani.id,password123
farmer_perf_8@smarttani.id,password123
farmer_perf_9@smarttani.id,password123
farmer_perf_10@smarttani.id,password123
user_perf_11@smarttani.id,password123
user_perf_12@smarttani.id,password123
user_perf_13@smarttani.id,password123
user_perf_14@smarttani.id,password123
user_perf_15@smarttani.id,password123
user_perf_16@smarttani.id,password123
user_perf_17@smarttani.id,password123
user_perf_18@smarttani.id,password123
user_perf_19@smarttani.id,password123
user_perf_20@smarttani.id,password123
user_perf_21@smarttani.id,password123
user_perf_22@smarttani.id,password123
user_perf_23@smarttani.id,password123
user_perf_24@smarttani.id,password123
user_perf_25@smarttani.id,password123
user_perf_26@smarttani.id,password123
user_perf_27@smarttani.id,password123
user_perf_28@smarttani.id,password123
user_perf_29@smarttani.id,password123
user_perf_30@smarttani.id,password123
user_perf_31@smarttani.id,password123
user_perf_32@smarttani.id,password123
user_perf_33@smarttani.id,password123
user_perf_34@smarttani.id,password123
user_perf_35@smarttani.id,password123
user_perf_36@smarttani.id,password123
user_perf_37@smarttani.id,password123
user_perf_38@smarttani.id,password123
user_perf_39@smarttani.id,password123
user_perf_40@smarttani.id,password123
user_perf_41@smarttani.id,password123
user_perf_42@smarttani.id,password123
user_perf_43@smarttani.id,password123
user_perf_44@smarttani.id,password123
user_perf_45@smarttani.id,password123
user_perf_46@smarttani.id,password123
user_perf_47@smarttani.id,password123
user_perf_48@smarttani.id,password123
user_perf_49@smarttani.id,password123
user_perf_50@smarttani.id,password123
user_perf_51@smarttani.id,password123
user_perf_52@smarttani.id,password123
user_perf_53@smarttani.id,password123
user_perf_54@smarttani.id,password123
user_perf_55@smarttani.id,password123
user_perf_56@smarttani.id,password123
user_perf_57@smarttani.id,password123
user_perf_58@smarttani.id,password123
user_perf_59@smarttani.id,password123
user_perf_60@smarttani.id,password123
user_perf_61@smarttani.id,password123
user_perf_62@smarttani.id,password123
user_perf_63@smarttani.id,password123
user_perf_64@smarttani.id,password123
user_perf_65@smarttani.id,password123
user_perf_66@smarttani.id,password123
user_perf_67@smarttani.id,password123
user_perf_68@smarttani.id,password123
user_perf_69@smarttani.id,password123
user_perf_70@smarttani.id,password123
user_perf_71@smarttani.id,password123
user_perf_72@smarttani.id,password123
user_perf_73@smarttani.id,password123
user_perf_74@smarttani.id,password123
user_perf_75@smarttani.id,password123
user_perf_76@smarttani.id,password123
user_perf_77@smarttani.id,password123
user_perf_78@smarttani.id,password123
user_perf_79@smarttani.id,password123
user_perf_80@smarttani.id,password123
user_perf_81@smarttani.id,password123
user_perf_82@smarttani.id,password123
user_perf_83@smarttani.id,password123
user_perf_84@smarttani.id,password123
user_perf_85@smarttani.id,password123
user_perf_86@smarttani.id,password123
user_perf_87@smarttani.id,password123
user_perf_88@smarttani.id,password123
user_perf_89@smarttani.id,password123
user_perf_90@smarttani.id,password123
user_perf_91@smarttani.id,password123
user_perf_92@smarttani.id,password123
user_perf_93@smarttani.id,password123
user_perf_94@smarttani.id,password123
user_perf_95@smarttani.id,password123
user_perf_96@smarttani.id,password123
user_perf_97@smarttani.id,password123
user_perf_98@smarttani.id,password123
user_perf_99@smarttani.id,password123
user_perf_100@smarttani.id,password123
